playerID,yearID,teamID,lgID,round,POS,G,GS,InnOuts,PO,A,E,DP,TP,PB,SB,CS
abreubr01,2019,HOU,AL,ALCS,P,1,0,2,0,0,0,0,0,,,
acunaro01,2019,ATL,NL,NLDS2,CF,5,5,137,11,0,0,0,0,,,
adamewi01,2019,TBA,AL,ALDS1,SS,5,5,123,6,13,1,2,0,,,
adamewi01,2019,TBA,AL,ALWC,SS,1,1,27,3,2,0,0,0,,,
albieoz01,2019,ATL,NL,NLDS2,2B,5,5,137,4,14,2,2,0,,,
altuvjo01,2019,HOU,AL,ALCS,2B,6,6,165,3,7,0,1,0,,,
altuvjo01,2019,HOU,AL,ALDS1,2B,5,5,129,7,11,0,5,0,,,
altuvjo01,2019,HOU,AL,WS,2B,7,7,189,14,8,1,4,0,,,
alvaryo01,2019,HOU,AL,WS,LF,1,1,18,1,0,0,0,0,,,
anderni01,2019,TBA,AL,ALDS1,P,3,0,13,0,1,0,0,0,,,
anderni01,2019,TBA,AL,ALWC,P,1,0,4,0,0,0,0,0,,,
arciaor01,2019,MIL,NL,NLWC,SS,1,1,24,1,6,0,0,0,,,
arozara01,2019,SLN,NL,NLDS2,CF,1,0,4,0,0,0,0,0,,,
arozara01,2019,SLN,NL,NLDS2,RF,1,0,3,1,0,0,0,0,,,
arraelu01,2019,MIN,AL,ALDS2,2B,3,3,69,5,5,0,4,0,,,
arraelu01,2019,MIN,AL,ALDS2,3B,1,0,3,0,0,0,0,0,,,
baderha01,2019,SLN,NL,NLCS,CF,2,1,22,5,0,0,0,0,,,
baderha01,2019,SLN,NL,NLDS2,CF,4,2,75,2,0,0,0,0,,,
baezpe01,2019,LAN,NL,NLDS1,P,2,0,2,0,0,0,0,0,,,
beatyma01,2019,LAN,NL,NLDS1,1B,1,1,20,5,0,0,1,0,,,
beatyma01,2019,LAN,NL,NLDS1,LF,1,1,24,1,0,0,0,0,,,
bellico01,2019,LAN,NL,NLDS1,1B,1,0,3,1,0,0,0,0,,,
bellico01,2019,LAN,NL,NLDS1,CF,5,5,132,15,0,0,0,0,,,
berrijo01,2019,MIN,AL,ALDS2,P,1,1,12,0,0,0,0,0,,,
brantmi02,2019,HOU,AL,ALCS,LF,6,6,156,3,1,0,1,0,,,
brantmi02,2019,HOU,AL,ALCS,RF,1,0,3,0,0,0,0,0,,,
brantmi02,2019,HOU,AL,ALDS1,LF,5,5,111,6,0,0,0,0,,,
brantmi02,2019,HOU,AL,ALDS1,RF,1,0,9,1,0,0,0,0,,,
brantmi02,2019,HOU,AL,WS,LF,7,6,156,13,0,0,0,0,,,
brantmi02,2019,HOU,AL,WS,RF,2,1,27,3,0,0,0,0,,,
braunry02,2019,MIL,NL,NLWC,LF,1,1,21,3,0,0,0,0,,,
brebbjo01,2019,SLN,NL,NLCS,P,2,0,3,0,0,0,0,0,,,
brebbjo01,2019,SLN,NL,NLDS2,P,3,0,6,0,0,0,0,0,,,
bregmal01,2019,HOU,AL,ALCS,3B,6,6,165,7,8,1,0,0,,,
bregmal01,2019,HOU,AL,ALDS1,3B,5,5,129,2,15,1,4,0,,,
bregmal01,2019,HOU,AL,WS,3B,7,7,189,5,10,1,1,0,,,
brittza01,2019,NYA,AL,ALCS,P,5,0,17,0,0,0,0,0,,,
brittza01,2019,NYA,AL,ALDS2,P,2,0,7,1,2,0,0,0,,,
brossmi01,2019,TBA,AL,ALWC,1B,1,0,6,1,0,0,0,0,,,
brossmi01,2019,TBA,AL,ALWC,2B,1,1,6,1,1,0,1,0,,,
brossmi01,2019,TBA,AL,ALWC,3B,1,0,12,1,2,1,1,0,,,
buehlwa01,2019,LAN,NL,NLDS1,P,2,2,38,1,1,0,0,0,,,
cabreas01,2019,WAS,NL,NLDS1,2B,2,1,33,0,2,0,0,0,,,
cabreas01,2019,WAS,NL,NLWC,2B,1,1,27,1,2,0,0,0,,,
cabreas01,2019,WAS,NL,WS,2B,6,5,141,14,9,0,1,0,,,
cabrege01,2019,SLN,NL,NLCS,P,1,0,2,0,1,0,0,0,,,
cabrege01,2019,SLN,NL,NLDS2,P,1,0,3,0,0,0,0,0,,,
cainlo01,2019,MIL,NL,NLWC,CF,1,1,24,2,0,0,0,0,,,
canhama01,2019,OAK,AL,ALWC,CF,1,1,27,5,0,0,0,0,,,
carpema01,2019,SLN,NL,NLCS,3B,3,2,57,0,5,0,0,0,,,
carpema01,2019,SLN,NL,NLDS2,3B,3,3,56,2,1,1,0,0,,,
castidi01,2019,TBA,AL,ALDS1,P,3,1,11,1,1,0,0,0,,,
castidi01,2019,TBA,AL,ALWC,P,1,0,6,0,0,0,0,0,,,
caveja01,2019,MIN,AL,ALDS2,LF,2,2,42,1,0,0,0,0,,,
cervefr01,2019,ATL,NL,NLDS2,C,1,0,9,6,0,0,0,0,0,,
cessalu01,2019,NYA,AL,ALCS,P,2,0,12,0,0,0,0,0,,,
chapmar01,2019,NYA,AL,ALCS,P,3,0,8,0,0,0,0,0,,,
chapmar01,2019,NYA,AL,ALDS2,P,2,0,8,0,0,0,0,0,,,
chapmma01,2019,OAK,AL,ALWC,3B,1,1,27,0,2,0,0,0,,,
chiriro01,2019,HOU,AL,ALCS,C,4,4,111,46,2,0,0,0,0,,
chiriro01,2019,HOU,AL,ALDS1,C,4,3,81,31,0,0,0,0,0,,
chiriro01,2019,HOU,AL,WS,C,6,5,129,42,2,0,0,0,0,,
choiji01,2019,TBA,AL,ALDS1,1B,5,5,126,31,1,0,3,0,,,
choiji01,2019,TBA,AL,ALWC,1B,1,0,3,1,0,0,0,0,,,
colege01,2019,HOU,AL,ALCS,P,1,1,21,0,0,0,0,0,,,
colege01,2019,HOU,AL,ALDS1,P,2,2,47,0,1,0,0,0,,,
colege01,2019,HOU,AL,WS,P,2,2,42,0,0,0,0,0,,,
corbipa01,2019,WAS,NL,NLCS,P,2,1,16,0,0,0,0,0,,,
corbipa01,2019,WAS,NL,NLDS1,P,3,1,24,0,0,0,0,0,,,
corbipa01,2019,WAS,NL,WS,P,3,1,30,0,3,0,0,0,,,
correca01,2019,HOU,AL,ALCS,SS,6,6,165,4,10,0,1,0,,,
correca01,2019,HOU,AL,ALDS1,SS,5,5,129,3,11,0,1,0,,,
correca01,2019,HOU,AL,WS,SS,7,7,189,7,12,0,3,0,,,
croncj01,2019,MIN,AL,ALDS2,1B,2,1,30,5,0,1,0,0,,,
darnatr01,2019,TBA,AL,ALDS1,C,5,5,126,46,4,0,0,0,0,,
darnatr01,2019,TBA,AL,ALWC,C,1,1,27,12,0,0,0,0,0,,
dejonpa01,2019,SLN,NL,NLCS,SS,4,4,102,3,11,0,0,0,,,
dejonpa01,2019,SLN,NL,NLDS2,SS,5,5,135,5,13,1,3,0,,,
devench02,2019,HOU,AL,WS,P,3,0,9,0,0,0,0,0,,,
diazal02,2019,HOU,AL,ALCS,LF,1,0,3,1,0,0,0,0,,,
diazal02,2019,HOU,AL,ALDS1,LF,1,0,9,1,0,0,0,0,,,
diazal02,2019,HOU,AL,WS,LF,1,0,9,0,0,0,0,0,,,
diazya01,2019,TBA,AL,ALDS1,3B,2,2,30,1,0,1,0,0,,,
diazya01,2019,TBA,AL,ALWC,1B,1,1,18,5,0,0,2,0,,,
diekmja01,2019,OAK,AL,ALWC,P,1,0,1,0,0,0,0,0,,,
dobnara01,2019,MIN,AL,ALDS2,P,1,1,6,0,0,0,0,0,,,
donaljo02,2019,ATL,NL,NLDS2,3B,5,5,134,4,6,0,2,0,,,
doolise01,2019,WAS,NL,NLCS,P,3,0,12,0,1,0,0,0,,,
doolise01,2019,WAS,NL,NLDS1,P,3,0,10,0,0,0,0,0,,,
doolise01,2019,WAS,NL,WS,P,3,0,9,0,0,0,0,0,,,
doziebr01,2019,WAS,NL,NLCS,2B,3,0,16,0,2,0,0,0,,,
doziebr01,2019,WAS,NL,NLDS1,2B,3,1,27,0,2,0,0,0,,,
drakeol01,2019,TBA,AL,ALDS1,P,2,0,9,0,0,0,0,0,,,
duffety01,2019,MIN,AL,ALDS2,P,2,0,5,0,0,0,0,0,,,
duffyma01,2019,TBA,AL,ALDS1,3B,2,0,24,0,1,0,0,0,,,
duffyma01,2019,TBA,AL,ALWC,3B,1,1,6,0,1,0,1,0,,,
duvalad01,2019,ATL,NL,NLDS2,LF,5,1,67,2,1,0,0,0,,,
eatonad02,2019,WAS,NL,NLCS,RF,4,4,108,7,0,0,0,0,,,
eatonad02,2019,WAS,NL,NLDS1,RF,5,5,135,11,1,0,0,0,,,
eatonad02,2019,WAS,NL,NLWC,RF,1,1,24,1,0,0,0,0,,,
eatonad02,2019,WAS,NL,WS,RF,7,7,186,11,0,0,0,0,,,
edmanto01,2019,SLN,NL,NLCS,3B,2,2,45,2,3,0,1,0,,,
edmanto01,2019,SLN,NL,NLCS,CF,1,0,3,1,0,0,0,0,,,
edmanto01,2019,SLN,NL,NLCS,RF,2,2,54,1,0,0,0,0,,,
edmanto01,2019,SLN,NL,NLDS2,3B,4,2,79,4,8,0,1,0,,,
edmanto01,2019,SLN,NL,NLDS2,RF,3,3,56,5,0,0,0,0,,,
flaheja01,2019,SLN,NL,NLCS,P,1,1,12,0,1,0,0,0,,,
flaheja01,2019,SLN,NL,NLDS2,P,2,2,39,1,2,0,0,0,,,
flowety01,2019,ATL,NL,NLDS2,C,1,0,3,1,0,0,0,0,0,,
foltymi01,2019,ATL,NL,NLDS2,P,2,2,22,1,2,0,0,0,,,
fowlede01,2019,SLN,NL,NLCS,CF,3,3,77,6,0,0,0,0,,,
fowlede01,2019,SLN,NL,NLDS2,CF,3,3,56,4,0,0,0,0,,,
fowlede01,2019,SLN,NL,NLDS2,RF,4,2,76,7,0,0,0,0,,,
freemfr01,2019,ATL,NL,NLDS2,1B,5,5,137,49,3,1,4,0,,,
freesda01,2019,LAN,NL,NLDS1,1B,2,1,33,10,2,0,2,0,,,
friedma01,2019,ATL,NL,NLDS2,P,4,0,12,0,0,0,0,0,,,
gallegi01,2019,SLN,NL,NLCS,P,2,0,7,1,0,0,0,0,,,
gallegi01,2019,SLN,NL,NLDS2,P,3,0,6,1,0,0,0,0,,,
gamelbe01,2019,MIL,NL,NLWC,LF,1,0,3,0,0,0,0,0,,,
garciav01,2019,TBA,AL,ALDS1,RF,4,4,102,12,0,0,0,0,,,
garciav01,2019,TBA,AL,ALWC,RF,1,1,27,2,0,0,0,0,,,
gardnbr01,2019,NYA,AL,ALCS,CF,2,2,54,4,0,0,0,0,,,
gardnbr01,2019,NYA,AL,ALCS,LF,5,4,110,12,0,0,0,0,,,
gardnbr01,2019,NYA,AL,ALDS2,CF,3,3,81,2,0,0,0,0,,,
garvemi01,2019,MIN,AL,ALDS2,C,3,3,75,29,1,1,0,0,0,,
gibsoky01,2019,MIN,AL,ALDS2,P,1,0,3,0,0,0,0,0,,,
glasnty01,2019,TBA,AL,ALDS1,P,2,2,21,0,0,0,0,0,,,
goldspa01,2019,SLN,NL,NLCS,1B,4,4,102,25,1,0,1,0,,,
goldspa01,2019,SLN,NL,NLDS2,1B,5,5,135,37,4,0,2,0,,,
gomesya01,2019,WAS,NL,NLCS,C,3,2,57,20,2,1,0,0,0,,
gomesya01,2019,WAS,NL,NLDS1,C,3,1,48,23,1,0,0,0,1,,
gomesya01,2019,WAS,NL,WS,C,5,4,117,27,2,0,0,0,0,,
gonzama01,2019,MIN,AL,ALDS2,1B,2,2,42,12,0,0,4,0,,,
gonzama01,2019,MIN,AL,ALDS2,LF,3,1,33,2,0,0,0,0,,,
gourryu01,2019,HOU,AL,ALCS,1B,6,6,165,36,5,0,3,0,,,
gourryu01,2019,HOU,AL,ALDS1,1B,5,5,129,34,1,0,5,0,,,
gourryu01,2019,HOU,AL,WS,1B,7,7,189,50,1,0,5,0,,,
grandya01,2019,MIL,NL,NLWC,C,1,1,24,7,0,0,0,0,0,,
gratebr01,2019,MIN,AL,ALDS2,P,1,0,3,0,0,0,0,0,,,
greench03,2019,NYA,AL,ALCS,P,4,1,14,0,0,0,0,0,,,
greench03,2019,NYA,AL,ALDS2,P,2,0,6,0,0,0,0,0,,,
greensh02,2019,ATL,NL,NLDS2,P,2,0,8,0,0,0,0,0,,,
gregodi01,2019,NYA,AL,ALCS,SS,6,6,164,9,16,0,2,0,,,
gregodi01,2019,NYA,AL,ALDS2,SS,3,3,81,2,5,0,1,0,,,
greinza01,2019,HOU,AL,ALCS,P,2,2,31,3,0,0,0,0,,,
greinza01,2019,HOU,AL,ALDS1,P,1,1,11,0,1,0,0,0,,,
greinza01,2019,HOU,AL,WS,P,2,2,33,1,6,0,1,0,,,
grishtr01,2019,MIL,NL,NLWC,RF,1,1,24,0,1,1,0,0,,,
grossro01,2019,OAK,AL,ALWC,LF,1,1,27,0,0,0,0,0,,,
guerrja01,2019,WAS,NL,WS,P,2,0,9,0,0,0,0,0,,,
haderjo01,2019,MIL,NL,NLWC,P,1,0,3,0,0,0,0,0,,,
happja01,2019,NYA,AL,ALCS,P,2,0,8,0,0,0,0,0,,,
happja01,2019,NYA,AL,ALDS2,P,1,0,3,0,0,0,0,0,,,
harriwi02,2019,HOU,AL,ALCS,P,4,0,11,0,0,0,0,0,,,
harriwi02,2019,HOU,AL,ALDS1,P,3,0,6,1,0,0,0,0,,,
harriwi02,2019,HOU,AL,WS,P,5,0,12,0,0,0,0,0,,,
hechaad01,2019,ATL,NL,NLDS2,3B,1,0,3,0,0,0,0,0,,,
helslry01,2019,SLN,NL,NLCS,P,3,0,12,0,1,0,0,0,,,
helslry01,2019,SLN,NL,NLDS2,P,2,0,4,0,0,0,0,0,,,
hendrli01,2019,OAK,AL,ALWC,P,1,0,3,1,0,0,0,0,,,
hernaen02,2019,LAN,NL,NLDS1,2B,1,0,10,1,0,0,0,0,,,
hernaen02,2019,LAN,NL,NLDS1,LF,1,1,20,1,0,0,0,0,,,
hernaen02,2019,LAN,NL,NLDS1,RF,1,0,12,2,1,0,1,0,,,
hicksaa01,2019,NYA,AL,ALCS,CF,5,4,110,8,0,0,0,0,,,
hillri01,2019,LAN,NL,NLDS1,P,1,1,8,0,0,0,0,0,,,
hiurake01,2019,MIL,NL,NLWC,2B,1,1,21,0,0,0,0,0,,,
hudsoda01,2019,WAS,NL,NLCS,P,2,0,6,0,0,0,0,0,,,
hudsoda01,2019,WAS,NL,NLDS1,P,3,0,8,0,0,0,0,0,,,
hudsoda01,2019,WAS,NL,NLWC,P,1,0,3,0,0,0,0,0,,,
hudsoda01,2019,WAS,NL,WS,P,3,0,12,0,0,0,0,0,,,
hudsoda02,2019,SLN,NL,NLCS,P,1,1,1,0,0,0,0,0,,,
hudsoda02,2019,SLN,NL,NLDS2,P,1,1,14,0,1,0,1,0,,,
jackslu01,2019,ATL,NL,NLDS2,P,3,0,8,0,0,0,0,0,,,
jamesjo02,2019,HOU,AL,ALCS,P,4,0,11,0,0,0,0,0,,,
jamesjo02,2019,HOU,AL,ALDS1,P,2,0,4,0,0,0,0,0,,,
jamesjo02,2019,HOU,AL,WS,P,3,0,5,0,0,0,0,0,,,
janseke01,2019,LAN,NL,NLDS1,P,2,0,5,0,0,0,0,0,,,
joycema01,2019,ATL,NL,NLDS2,RF,4,4,70,6,0,0,0,0,,,
judgeaa01,2019,NYA,AL,ALCS,RF,6,6,164,15,1,0,1,0,,,
judgeaa01,2019,NYA,AL,ALDS2,RF,3,3,81,8,0,0,0,0,,,
kahnlto01,2019,NYA,AL,ALCS,P,5,0,17,0,1,0,0,0,,,
kahnlto01,2019,NYA,AL,ALDS2,P,3,0,7,0,0,0,0,0,,,
kellyjo05,2019,LAN,NL,NLDS1,P,3,0,7,0,0,0,0,0,,,
kendrho01,2019,WAS,NL,NLCS,2B,4,4,92,1,5,0,1,0,,,
kendrho01,2019,WAS,NL,NLDS1,1B,2,2,51,10,0,2,0,0,,,
kendrho01,2019,WAS,NL,NLDS1,2B,3,3,75,3,6,1,0,0,,,
kendrho01,2019,WAS,NL,NLWC,1B,1,1,27,9,1,0,1,0,,,
kendrho01,2019,WAS,NL,WS,1B,1,0,6,1,0,0,0,0,,,
kendrho01,2019,WAS,NL,WS,2B,2,2,48,5,6,0,3,0,,,
keplema01,2019,MIN,AL,ALDS2,CF,3,3,75,12,0,0,0,0,,,
kershcl01,2019,LAN,NL,NLDS1,P,2,1,19,0,1,0,0,0,,,
keuchda01,2019,ATL,NL,NLDS2,P,2,2,24,0,2,0,0,0,,,
kiermke01,2019,TBA,AL,ALDS1,CF,5,5,126,10,1,0,0,0,,,
kiermke01,2019,TBA,AL,ALWC,CF,1,1,27,0,0,0,0,0,,,
kolarad01,2019,LAN,NL,NLDS1,P,3,0,3,0,1,0,0,0,,,
laurera01,2019,OAK,AL,ALWC,RF,1,1,27,2,0,0,0,0,,,
lemahdj01,2019,NYA,AL,ALCS,1B,6,6,164,45,2,2,5,0,,,
lemahdj01,2019,NYA,AL,ALDS2,1B,3,3,81,20,2,1,3,0,,,
litteza01,2019,MIN,AL,ALDS2,P,2,0,1,0,0,0,0,0,,,
loaisjo01,2019,NYA,AL,ALCS,P,3,0,5,0,0,0,0,0,,,
loaisjo01,2019,NYA,AL,ALDS2,P,1,0,3,0,0,0,0,0,,,
lowebr01,2019,TBA,AL,ALDS1,2B,4,4,99,5,2,1,0,0,,,
lowebr01,2019,TBA,AL,ALWC,2B,1,0,21,0,3,0,1,0,,,
luxga01,2019,LAN,NL,NLDS1,2B,4,3,69,8,7,0,3,0,,,
luzarje01,2019,OAK,AL,ALWC,P,1,0,9,1,0,0,0,0,,,
lyonsty01,2019,NYA,AL,ALCS,P,1,0,2,0,0,0,0,0,,,
lyonsty01,2019,NYA,AL,ALDS2,P,1,0,3,0,0,0,0,0,,,
maedake01,2019,LAN,NL,NLDS1,P,4,0,14,0,0,0,0,0,,,
maldoma01,2019,HOU,AL,ALCS,C,2,2,54,19,0,0,0,0,0,,
maldoma01,2019,HOU,AL,ALDS1,C,2,2,48,25,1,0,1,0,0,,
maldoma01,2019,HOU,AL,WS,C,3,2,60,21,0,0,0,0,1,,
manaese01,2019,OAK,AL,ALWC,P,1,1,6,0,0,0,0,0,,,
marisja01,2019,HOU,AL,ALCS,CF,5,2,45,7,0,0,0,0,,,
marisja01,2019,HOU,AL,ALDS1,CF,4,0,15,2,0,0,0,0,,,
marisja01,2019,HOU,AL,WS,CF,5,1,51,5,0,1,0,0,,,
markani01,2019,ATL,NL,NLDS2,LF,4,4,70,2,0,0,0,0,,,
markani01,2019,ATL,NL,NLDS2,RF,5,1,67,7,0,1,0,0,,,
martica04,2019,SLN,NL,NLCS,P,1,0,1,0,0,0,0,0,,,
martica04,2019,SLN,NL,NLDS2,P,3,0,10,0,0,0,0,0,,,
martich02,2019,ATL,NL,NLDS2,P,1,0,0,0,0,0,0,0,,,
martijo08,2019,SLN,NL,NLCS,RF,2,2,48,2,0,0,0,0,,,
martiru01,2019,LAN,NL,NLDS1,C,1,1,27,6,0,0,0,0,0,,
maybica01,2019,NYA,AL,ALCS,LF,2,1,33,3,0,0,0,0,,,
maybica01,2019,NYA,AL,ALDS2,LF,3,0,24,2,0,0,0,0,,,
maydu01,2019,LAN,NL,NLDS1,P,2,0,10,0,0,0,0,0,,,
maytr01,2019,MIN,AL,ALDS2,P,2,0,3,0,0,0,0,0,,,
mccanbr01,2019,ATL,NL,NLDS2,C,5,5,125,39,1,0,0,0,0,,
mckaybr01,2019,TBA,AL,ALDS1,P,3,0,4,0,0,0,0,0,,,
meadoau01,2019,TBA,AL,ALDS1,LF,4,4,102,5,0,0,0,0,,,
meadoau01,2019,TBA,AL,ALDS1,RF,1,1,24,1,0,0,0,0,,,
meadoau01,2019,TBA,AL,ALWC,LF,1,1,27,1,0,0,0,0,,,
melanma01,2019,ATL,NL,NLDS2,P,3,0,9,1,0,0,0,0,,,
mikolmi01,2019,SLN,NL,NLCS,P,1,1,18,0,0,0,0,0,,,
mikolmi01,2019,SLN,NL,NLDS2,P,2,1,18,1,1,0,0,0,,,
mileywa01,2019,HOU,AL,ALDS1,P,1,0,8,0,1,0,0,0,,,
millean01,2019,SLN,NL,NLCS,P,3,0,9,0,0,0,0,0,,,
millean01,2019,SLN,NL,NLDS2,P,3,0,6,0,0,0,0,0,,,
molinya01,2019,SLN,NL,NLCS,C,4,4,102,45,2,0,0,0,0,,
molinya01,2019,SLN,NL,NLDS2,C,5,5,135,48,2,0,1,0,1,,
mortoch02,2019,TBA,AL,ALDS1,P,1,1,15,0,0,0,0,0,,,
mortoch02,2019,TBA,AL,ALWC,P,1,1,15,0,0,0,0,0,,,
moustmi01,2019,MIL,NL,NLWC,3B,1,1,24,2,2,1,0,0,,,
muncyma01,2019,LAN,NL,NLDS1,1B,5,3,79,27,1,0,3,0,,,
muncyma01,2019,LAN,NL,NLDS1,2B,3,2,56,1,3,0,1,0,,,
murphse01,2019,OAK,AL,ALWC,C,1,1,12,6,1,0,0,0,0,,
newcose01,2019,ATL,NL,NLDS2,P,4,0,11,0,1,0,0,0,,,
odayda01,2019,ATL,NL,NLDS2,P,4,0,6,0,1,0,0,0,,,
odorija01,2019,MIN,AL,ALDS2,P,1,1,15,0,0,0,0,0,,,
olsonma02,2019,OAK,AL,ALWC,1B,1,1,27,6,2,0,0,0,,,
osunaro01,2019,HOU,AL,ALCS,P,4,0,15,1,0,0,0,0,,,
osunaro01,2019,HOU,AL,ALDS1,P,3,0,8,0,1,0,0,0,,,
osunaro01,2019,HOU,AL,WS,P,2,0,7,0,0,0,0,0,,,
ottavad01,2019,NYA,AL,ALCS,P,5,0,7,0,0,0,0,0,,,
ottavad01,2019,NYA,AL,ALDS2,P,3,0,3,0,0,0,0,0,,,
ozunama01,2019,SLN,NL,NLCS,LF,4,4,102,4,0,0,0,0,,,
ozunama01,2019,SLN,NL,NLDS2,LF,5,5,135,12,0,0,0,0,,,
paganem01,2019,TBA,AL,ALDS1,P,3,0,7,0,1,0,0,0,,,
paganem01,2019,TBA,AL,ALWC,P,1,0,2,0,0,0,0,0,,,
parrage01,2019,WAS,NL,WS,RF,1,0,3,0,0,0,0,0,,,
paxtoja01,2019,NYA,AL,ALCS,P,2,2,25,0,0,0,0,0,,,
paxtoja01,2019,NYA,AL,ALDS2,P,1,1,14,0,0,0,0,0,,,
peacobr01,2019,HOU,AL,ALCS,P,2,1,8,0,0,0,0,0,,,
peacobr01,2019,HOU,AL,WS,P,3,0,9,0,1,0,0,0,,,
pederjo01,2019,LAN,NL,NLDS1,RF,5,4,102,5,1,0,0,0,,,
petityu01,2019,OAK,AL,ALWC,P,1,0,8,0,0,0,0,0,,,
phamth01,2019,TBA,AL,ALDS1,LF,1,1,24,4,0,0,0,0,,,
phegljo01,2019,OAK,AL,ALWC,C,1,0,15,5,0,0,0,0,0,,
pocheco01,2019,TBA,AL,ALDS1,P,5,0,13,0,0,0,0,0,,,
polanjo01,2019,MIN,AL,ALDS2,SS,3,3,75,2,5,0,1,0,,,
polloaj01,2019,LAN,NL,NLDS1,LF,3,3,66,3,0,0,0,0,,,
pomerdr01,2019,MIL,NL,NLWC,P,1,0,6,0,0,0,0,0,,,
ponceda01,2019,SLN,NL,NLCS,P,1,0,6,0,0,0,0,0,,,
pressry01,2019,HOU,AL,ALCS,P,4,0,5,1,0,0,0,0,,,
pressry01,2019,HOU,AL,ALDS1,P,2,0,3,0,0,0,0,0,,,
pressry01,2019,HOU,AL,WS,P,4,0,9,0,1,0,0,0,,,
profaju01,2019,OAK,AL,ALWC,2B,1,1,27,1,0,0,0,0,,,
raineta01,2019,WAS,NL,NLCS,P,2,0,6,0,0,0,0,0,,,
raineta01,2019,WAS,NL,NLDS1,P,3,0,6,0,0,0,0,0,,,
raineta01,2019,WAS,NL,WS,P,4,0,8,0,0,0,0,0,,,
reddijo01,2019,HOU,AL,ALCS,LF,2,0,6,1,0,0,0,0,,,
reddijo01,2019,HOU,AL,ALCS,RF,5,3,81,6,0,0,0,0,,,
reddijo01,2019,HOU,AL,ALDS1,LF,2,0,9,0,0,0,0,0,,,
reddijo01,2019,HOU,AL,ALDS1,RF,4,4,81,5,0,0,0,0,,,
reddijo01,2019,HOU,AL,WS,LF,2,0,6,0,0,0,0,0,,,
reddijo01,2019,HOU,AL,WS,RF,5,5,111,7,0,0,0,0,,,
rendoan01,2019,WAS,NL,NLCS,3B,4,4,108,3,5,0,0,0,,,
rendoan01,2019,WAS,NL,NLDS1,3B,5,5,135,4,6,0,0,0,,,
rendoan01,2019,WAS,NL,NLWC,3B,1,1,27,1,4,0,1,0,,,
rendoan01,2019,WAS,NL,WS,3B,7,7,189,6,16,1,2,0,,,
roblevi01,2019,WAS,NL,NLCS,CF,2,2,54,5,0,0,0,0,,,
roblevi01,2019,WAS,NL,NLDS1,CF,2,2,45,3,0,0,0,0,,,
roblevi01,2019,WAS,NL,NLWC,CF,1,1,27,1,0,0,0,0,,,
roblevi01,2019,WAS,NL,WS,CF,7,7,183,21,0,0,0,0,,,
rodnefe01,2019,WAS,NL,NLCS,P,1,0,3,0,0,0,0,0,,,
rodnefe01,2019,WAS,NL,NLDS1,P,2,0,5,0,0,0,0,0,,,
rodnefe01,2019,WAS,NL,WS,P,3,0,6,0,0,0,0,0,,,
roech01,2019,TBA,AL,ALDS1,P,3,0,8,0,1,0,1,0,,,
rogerta01,2019,MIN,AL,ALDS2,P,1,0,6,0,0,0,0,0,,,
romose01,2019,MIN,AL,ALDS2,P,2,0,6,0,0,0,0,0,,,
rondohe01,2019,HOU,AL,ALCS,P,1,0,1,0,0,0,0,0,,,
rondohe01,2019,HOU,AL,ALDS1,P,1,0,0,0,0,0,0,0,,,
rondohe01,2019,HOU,AL,WS,P,2,0,3,0,0,0,0,0,,,
rosared01,2019,MIN,AL,ALDS2,RF,3,3,75,6,0,0,0,0,,,
rossjo01,2019,WAS,NL,WS,P,2,1,21,1,2,0,0,0,,,
ryuhy01,2019,LAN,NL,NLDS1,P,1,1,15,0,0,0,0,0,,,
sabatcc01,2019,NYA,AL,ALCS,P,2,0,3,0,0,0,0,0,,,
sanchan01,2019,WAS,NL,NLCS,P,1,1,23,0,0,0,0,0,,,
sanchan01,2019,WAS,NL,NLDS1,P,1,1,15,0,0,0,0,0,,,
sanchan01,2019,WAS,NL,WS,P,1,1,16,0,0,0,0,0,,,
sanchga02,2019,NYA,AL,ALCS,C,6,6,164,53,1,0,0,0,2,,
sanchga02,2019,NYA,AL,ALDS2,C,3,3,81,35,2,0,0,0,1,,
sanomi01,2019,MIN,AL,ALDS2,1B,1,0,3,0,0,0,0,0,,,
sanomi01,2019,MIN,AL,ALDS2,3B,3,3,72,1,8,0,3,0,,,
scherma01,2019,WAS,NL,NLCS,P,1,1,21,0,0,0,0,0,,,
scherma01,2019,WAS,NL,NLDS1,P,2,1,24,0,0,0,0,0,,,
scherma01,2019,WAS,NL,NLWC,P,1,1,15,0,0,0,0,0,,,
scherma01,2019,WAS,NL,WS,P,2,2,30,1,0,0,0,0,,,
schoojo01,2019,MIN,AL,ALDS2,2B,2,0,6,0,0,0,0,0,,,
seageco01,2019,LAN,NL,NLDS1,SS,5,5,135,5,11,1,2,0,,,
semiema01,2019,OAK,AL,ALWC,SS,1,1,27,0,3,0,0,0,,,
severlu01,2019,NYA,AL,ALCS,P,1,1,13,0,0,1,0,0,,,
severlu01,2019,NYA,AL,ALDS2,P,1,1,12,0,0,0,0,0,,,
smeltde01,2019,MIN,AL,ALDS2,P,1,0,10,0,0,0,0,0,,,
smithjo05,2019,HOU,AL,ALCS,P,4,0,11,0,2,0,0,0,,,
smithjo05,2019,HOU,AL,ALDS1,P,2,0,5,0,0,0,0,0,,,
smithjo05,2019,HOU,AL,WS,P,4,0,10,0,1,0,0,0,,,
smithwi05,2019,LAN,NL,NLDS1,C,4,4,108,35,3,0,0,0,0,,
snellbl01,2019,TBA,AL,ALDS1,P,3,1,16,0,0,0,0,0,,,
sogarer01,2019,TBA,AL,ALDS1,2B,1,1,24,1,0,0,0,0,,,
sogarer01,2019,TBA,AL,ALDS1,3B,1,0,3,0,0,0,0,0,,,
sorokmi01,2019,ATL,NL,NLDS2,P,1,1,21,0,2,0,0,0,,,
sotoju01,2019,WAS,NL,NLCS,LF,4,4,108,4,0,1,0,0,,,
sotoju01,2019,WAS,NL,NLDS1,LF,5,5,135,7,0,0,0,0,,,
sotoju01,2019,WAS,NL,NLWC,LF,1,1,27,1,0,0,0,0,,,
sotoju01,2019,WAS,NL,WS,LF,7,7,189,15,1,1,0,0,,,
spangco01,2019,MIL,NL,NLWC,2B,1,0,3,0,0,0,0,0,,,
springe01,2019,HOU,AL,ALCS,CF,6,4,120,14,0,1,0,0,,,
springe01,2019,HOU,AL,ALCS,RF,5,2,45,8,0,0,0,0,,,
springe01,2019,HOU,AL,ALDS1,CF,5,5,114,8,0,0,0,0,,,
springe01,2019,HOU,AL,ALDS1,RF,4,0,15,2,0,0,0,0,,,
springe01,2019,HOU,AL,WS,CF,6,6,138,13,0,0,0,0,,,
springe01,2019,HOU,AL,WS,RF,5,1,51,7,0,0,0,0,,,
stantmi03,2019,NYA,AL,ALCS,LF,1,1,21,1,0,0,0,0,,,
stantmi03,2019,NYA,AL,ALDS2,LF,3,3,57,3,0,0,0,0,,,
stashco01,2019,MIN,AL,ALDS2,P,2,0,5,0,0,0,0,0,,,
strasst01,2019,WAS,NL,NLCS,P,1,1,21,1,2,0,0,0,,,
strasst01,2019,WAS,NL,NLDS1,P,2,2,36,2,0,0,0,0,,,
strasst01,2019,WAS,NL,NLWC,P,1,0,9,0,0,0,0,0,,,
strasst01,2019,WAS,NL,WS,P,2,2,43,0,2,0,0,0,,,
strichu01,2019,WAS,NL,NLDS1,P,2,0,6,0,0,0,0,0,,,
stripro01,2019,LAN,NL,NLDS1,P,1,0,3,0,1,0,0,0,,,
suerowa01,2019,WAS,NL,NLDS1,P,1,0,1,0,0,0,0,0,,,
suerowa01,2019,WAS,NL,WS,P,3,0,5,0,0,0,0,0,,,
suterbr01,2019,MIL,NL,NLWC,P,1,0,3,0,0,0,0,0,,,
suzukku01,2019,WAS,NL,NLCS,C,2,2,51,29,0,0,0,0,0,,
suzukku01,2019,WAS,NL,NLDS1,C,4,4,87,41,0,0,0,0,0,,
suzukku01,2019,WAS,NL,NLWC,C,1,1,27,11,1,0,0,0,0,,
suzukku01,2019,WAS,NL,WS,C,3,3,72,24,2,1,0,0,0,,
swansda01,2019,ATL,NL,NLDS2,SS,5,5,137,3,19,0,1,0,,,
tanakma01,2019,NYA,AL,ALCS,P,2,2,33,0,2,0,0,0,,,
tanakma01,2019,NYA,AL,ALDS2,P,1,1,15,2,0,0,1,0,,,
tayloch03,2019,LAN,NL,NLDS1,CF,1,0,3,0,0,0,0,0,,,
tayloch03,2019,LAN,NL,NLDS1,LF,3,0,25,2,0,0,0,0,,,
tayloch03,2019,LAN,NL,NLDS1,RF,1,1,21,2,0,0,0,0,,,
taylomi02,2019,WAS,NL,NLCS,CF,2,2,54,8,0,0,0,0,,,
taylomi02,2019,WAS,NL,NLDS1,CF,4,3,90,11,0,0,0,0,,,
taylomi02,2019,WAS,NL,NLWC,RF,1,0,3,0,0,0,0,0,,,
taylomi02,2019,WAS,NL,WS,CF,1,0,6,2,0,0,0,0,,,
teherju01,2019,ATL,NL,NLDS2,P,2,0,5,0,1,0,0,0,,,
thameer01,2019,MIL,NL,NLWC,1B,1,1,24,9,0,0,0,0,,,
tomlijo01,2019,ATL,NL,NLDS2,P,2,0,11,1,0,0,0,0,,,
torregl01,2019,NYA,AL,ALCS,2B,6,6,164,8,14,2,4,0,,,
torregl01,2019,NYA,AL,ALDS2,2B,3,3,81,3,7,0,2,0,,,
tuckeky01,2019,HOU,AL,ALCS,RF,2,1,36,4,0,0,0,0,,,
tuckeky01,2019,HOU,AL,ALDS1,RF,1,1,24,1,0,0,0,0,,,
turneju01,2019,LAN,NL,NLDS1,3B,5,5,135,4,15,0,4,0,,,
turnetr01,2019,WAS,NL,NLCS,SS,4,4,108,3,4,0,1,0,,,
turnetr01,2019,WAS,NL,NLDS1,SS,5,5,135,3,4,0,1,0,,,
turnetr01,2019,WAS,NL,NLWC,SS,1,1,27,2,2,0,1,0,,,
turnetr01,2019,WAS,NL,WS,SS,7,7,189,8,21,1,2,0,,,
uriasju01,2019,LAN,NL,NLDS1,P,3,0,11,0,0,1,0,0,,,
urquijo01,2019,HOU,AL,ALCS,P,1,0,8,0,0,0,0,0,,,
urquijo01,2019,HOU,AL,ALDS1,P,1,0,5,0,0,0,0,0,,,
urquijo01,2019,HOU,AL,WS,P,2,1,17,0,1,0,0,0,,,
urshegi01,2019,NYA,AL,ALCS,3B,6,6,164,6,13,0,2,0,,,
urshegi01,2019,NYA,AL,ALDS2,3B,3,3,81,3,3,0,1,0,,,
verlaju01,2019,HOU,AL,ALCS,P,2,2,41,1,0,0,0,0,,,
verlaju01,2019,HOU,AL,ALDS1,P,2,2,32,0,0,0,0,0,,,
verlaju01,2019,HOU,AL,WS,P,2,2,33,0,0,0,0,0,,,
wainwad01,2019,SLN,NL,NLCS,P,2,1,27,0,0,0,0,0,,,
wainwad01,2019,SLN,NL,NLDS2,P,1,1,23,0,1,0,0,0,,,
webbty01,2019,SLN,NL,NLCS,P,2,0,4,0,0,0,0,0,,,
webbty01,2019,SLN,NL,NLDS2,P,3,0,6,1,0,0,0,0,,,
wendljo01,2019,TBA,AL,ALDS1,2B,1,0,3,0,1,0,0,0,,,
wendljo01,2019,TBA,AL,ALDS1,3B,3,3,69,3,0,0,0,0,,,
wendljo01,2019,TBA,AL,ALDS1,SS,1,0,3,0,0,0,0,0,,,
wendljo01,2019,TBA,AL,ALWC,3B,1,0,9,0,1,0,0,0,,,
wongko01,2019,SLN,NL,NLCS,2B,4,4,102,7,5,1,1,0,,,
wongko01,2019,SLN,NL,NLDS2,2B,5,5,135,4,14,1,4,0,,,
woodrbr01,2019,MIL,NL,NLWC,P,1,1,12,0,0,0,0,0,,,
yarbrry01,2019,TBA,AL,ALDS1,P,3,0,9,0,2,0,0,0,,,
zimmery01,2019,WAS,NL,NLCS,1B,4,4,108,27,0,0,1,0,,,
zimmery01,2019,WAS,NL,NLDS1,1B,3,3,84,17,0,0,1,0,,,
zimmery01,2019,WAS,NL,WS,1B,7,7,183,53,2,0,5,0,,,
